1651.0,25569244.0,0.0,0.0,1.0,1.0,0.0
1650.6069456726975,25569243.779926527,0.38859431336570466,0.21695166396905202,0.9753907464209713,0.9726479974164989,0.005000000129068087
1650.2139407837974,25569243.565194152,0.7683267033380945,0.4225161226250658,0.960179202877906,0.952094267366761,0.020000000129068083
1649.8209855328234,25569243.354341798,1.1393980388635907,0.6184550374028632,0.9538944345887592,0.9378442322911203,0.04500000012906808
1649.4280801125874,25569243.146011718,1.5020046352622909,0.8063785165867478,0.9560836655782773,0.9294658374371974,0.08000000012906808
1649.0352247100443,25569242.938936353,1.8563383554712318,0.9877623258623628,0.966311656763659,0.9265835396388538,0.12500000012906803
1648.6424195070779,25569242.731926285,2.202586711268317,1.1639635396687562,0.9841600956900463,0.9288728937067265,0.18000000012906808
1648.249664681206,25569242.52385937,2.5409329620059404,1.33623463462057,1.009227007180012,0.9360557309134833,0.24500000012906809
1647.8569604062181,25569242.31367097,2.8715562109396244,1.5057360573008178,1.0411261847998414,0.9478959215306137,0.32000000012906804
1647.464306852756,25569242.10034499,3.194631499472685,1.6735476294189633,1.0794866401223855,0.9641955857639899,0.40500000012906806
1647.0717041888447,25569241.882905725,3.5103298993523167,1.8406789037193443,1.123952069322257,0.9847917116385726,0.5000000001290679
1646.6791525803742,25569241.660410464,3.81881860266559,2.0080784326200636,1.174180338282996,1.009553196160876,0.6050000001290681
1646.2866521915385,25569241.431942668,4.120261009802758,2.1766421684156,1.2298429845848013,1.0383782287577883,0.7200000001290682
1645.8942031852425,25569241.196605768,4.414816815454585,2.347221117064521,1.2906247356655256,1.0711919722094658,0.8450000001290681
1645.501805723475,25569240.9535174,4.702642092654127,2.5206282707657954,1.3562230429376838,1.1079445329930142,0.9800000001290681
1645.1094599676517,25569240.701804087,4.983889374894996,2.697644898441189,1.4263476315080095,1.148609191989439,1.1250000001290679
1644.717166078938,25569240.440596305,5.258707736417369,2.8790263406563903,1.5007200644620668,1.1931808428213662,1.280000000129068
1644.324924218546,25569240.169023883,5.527242870644998,3.0655072610667156,1.5790733219168207,1.2416746552923639,1.4450000001290682
1643.932734548015,25569239.886211675,5.789637166856369,3.2578064852303474,1.6611513939006033,1.2941249168306557,1.620000000129068
1643.540597229476,25569239.59127552,6.046029785121644,3.4566314602131687,1.7467088867158382,1.3505840399383051,1.8050000001290678
1643.148512425899,25569239.283318374,6.296556729524189,3.6626823531220225,1.8355106425818044,1.4111217291718312,2.000000000129068
1642.7564803013333,25569238.961426675,6.541350919729673,3.876655862719312,1.9273313718632497,1.4758242810221933,2.2050000001290675
1642.3645010211324,25569238.62466684,6.780542260941692,4.099248767467041,2.021955297472457,1.5447940082383242,2.4200000001290682
1641.9725747521732,25569238.272081908,7.01425771225326,4.331161222623687,2.119175811348132,1.6181487837484254,2.6450000001290688
1641.5807016630674,25569237.902688317,7.242621353457819,4.573099858570222,2.2187951423272065,1.696021685203351,2.8800000001290686
1641.1888819243661,25569237.515472755,7.465754450337556,4.825780687149733,2.320624035229205,1.7785607372675691,3.125000000129068
1640.7971157087593,25569237.10938912,7.683775518456745,5.089931831257395,2.424481440867042,1.8659287451343698,3.380000000129068
1640.4054031912733,25569236.683355495,7.896800385592317,5.366296181296647,2.530194215578955,1.9583031810207252,3.6450000001290688
1640.0137445494615,25569236.2362513,8.104942252612542,5.655633792896211,2.6375968323327115,2.0558761892539326,3.9200000001290687
1639.6221399635938,25569235.76691435,8.308311753077193,5.958724260561347,2.7465311004754724,2.1588546242065325,4.205000000129069
1639.2305896168446,25569235.274138104,8.507017011430689,6.276368923447251,2.856845895540244,2.2674601681592614,4.500000000129068
1638.839093695477,25569234.756668836,8.70116369991236,6.609393010868763,2.968396897782946,2.3819294918929748,4.805000000129069
1638.4476523890266,25569234.21320294,8.890855094147122,6.958647649349684,3.081046339900326,2.502514476043698,5.120000000129069
1638.0562658904837,25569233.64238419,9.07619212749248,7.325011796599516,3.194662763099032,2.6294824737603566,5.4450000001290695
1637.6649343964707,25569233.042801186,9.257273444139345,7.709394024814735,3.3091207816214827,2.7631166272103465,5.78000000012907
1637.2736581074194,25569232.412984706,9.434195451014451,8.112734239000565,3.42430085519272,2.9037162110614583,6.125000000129069
1636.882437227744,25569231.751405258,9.607052368499577,8.536005253858518,3.540089069297351,3.051597012627546,6.48000000012907
1636.4912719660115,25569231.05647064,9.775936280000781,8.980214238152092,3.656376922942513,3.207091744163702,6.84500000012907
1636.1001625351037,25569230.326523654,9.940937180392158,9.446404010514959,3.773061123688897,3.370550477337431,7.22000000012907
1635.7091091523755,25569229.55983996,10.102143023354913,9.935654150020948,3.8900433897560998,3.542341096027182,7.6050000001290705
1635.3181120398053,25569228.754626036,10.259639767649714,10.4490819632897,4.007230258817126,3.7228497654694226,8.000000000129068
1634.927171424129,25569227.90901747,10.413511422330462,10.987843110147306,4.124532903494101,3.912481399180274,8.405000000129071
1634.5362875369722,25569227.02107732,10.563840090906597,11.55313212028726,4.2418669533762445,4.111660143445756,8.820000000129069
1634.1454606149491,25569226.08879503,10.71070601456886,12.146182394778137,4.359152322607675,4.320829823728662,9.245000000129068
1633.7546908997635,25569225.110085398,10.854187614320258,12.768266082395508,4.476313044435949,4.540454414117547,9.680000000129068
1633.3639786382626,25569224.08278834,10.994361532282387,13.420693260603267,4.593277110287825,4.771018428015015,10.125000000129067
1632.9733240824828,25569223.00466882,11.131302671938249,14.104810901325024,4.709976315539888,5.013027320250984,10.580000000129068
1632.5827274896442,25569221.873417728,11.265084237544396,14.822000984584472,4.826346109897363,5.267007786722509,11.045000000129066
1632.1921891221202,25569220.686653174,11.395777772587325,15.57367820896354,4.942325453485597,5.533508038978164,11.52000000012907
1631.8017092473435,25569219.441922907,11.523453197392703,16.361286701769863,5.057856677718252,5.813097950854487,12.005000000129067
1631.4112881376718,25569218.13670749,11.648178845865042,17.186296042210166,5.172885351116386,6.1063691314873605,12.500000000129063
1631.0209260701788,25569216.768424764,11.770021501377524,18.05019614477849,5.2873601499383565,6.413934842546397,13.005000000129066
1630.6306233263726,25569215.334435564,11.889046431866216,18.95449105091334,5.401232733121642,6.736429771304072,13.52000000012906
1630.240380191836,25569213.832050852,12.005317424075267,19.900691476850447,5.51445762203112,7.0745096231904965,14.045000000129065
1629.850196955754,25569212.258540783,12.118896817074885,20.890305715308656,5.6269920839410075,7.42885046897605,14.580000000129065
1629.460073910368,25569210.611145068,12.229845534916272,21.924829398811983,5.738796020436057,7.8001479244846115,15.125000000129063
1629.070011350228,25569208.88708684,12.33822311868509,23.005732342826658,5.849831858488834,8.189115834778125,15.680000000129066
1628.6800095714,25569207.083587326,12.444087757647177,24.13444467667117,5.960064446835638,8.596484849266481,16.245000000129064
1628.2900688704926,25569205.19788365,12.547496319732268,25.31234037017663,6.069460955548731,9.023000553407709,16.820000000129067
1627.9001895434644,25569203.22725051,12.648504381382828,26.540717591858655,6.177990778575972,9.469421009476047,17.405000000129064
1627.5103718843252,25569201.169023637,12.747166256603245,27.820777564254882,6.285625440659693,9.936514019351131,18.000000000129063
1627.120616183593,25569199.020627618,12.84353502538781,29.15359996108341,6.392338507117618,10.425053664752006,18.605000000129067
1626.730922726578,25569196.77960679,12.937662561459991,30.540115842610415,6.498105497045006,10.935816334239279,19.220000000129062
1626.3412917914434,25569194.443660017,13.029599559359442,31.981077497278612,6.602903799642601,11.469576064771013,19.845000000129065
1625.9517236470458,25569192.0106796,13.119395560901385,33.477025258247515,6.706712593445648,12.027099065688066,20.480000000129063
1625.562218550582,25569189.478793543,13.207098980972127,35.02825163721042,6.80951276877073,12.609137616335234,21.125000000129063
1625.1727767450163,25569186.8464121,13.292757132745848,36.63476257465896,6.911286852639046,13.216422911831225,21.780000000129068
1624.7833984563438,25569184.112277415,13.376416252254431,38.29623648495887,7.012018936757398,13.849657214690094,22.445000000129067
1624.3940838906733,25569181.275516775,13.458121522379523,40.01198103511251,7.111694607956998,14.509504964101858,23.12000000012907
1624.0048332312551,25569178.335697614,13.537917096252103,41.780889393062324,7.210300881191883,15.196582990748796,23.805000000129066
1623.615646635365,25569175.29288548,13.615846120053774,43.601394718924624,7.307826135165676,15.911449828214671,24.500000000129067
1623.2265242313456,25569172.147700764,13.691950755271598,45.471427306870034,7.404260050067742,16.65459408551625,25.20500000012907
1622.837466115617,25569168.9013767,13.766272200355607,47.38837153425029,7.499593547906772,17.42642204520873,25.92000000012907
1622.4484723500102,25569165.555813655,13.8388507118389,49.34902781191668,7.593818734839813,18.22724447430465,26.64500000012907
1622.0595429594298,25569162.113629416,13.909725624889875,51.34957948085694,7.686928845761181,19.057262941769988,27.380000000129066
1621.6706779300757,25569158.57820216,13.97893537332505,53.38556787251638,7.778918190851943,19.916555764640464,28.125000000129063
1621.2818772081002,25569154.953707866,14.046517509057018,55.45187359396213,7.869782104333,20.80506372683968,28.880000000129062
1620.8931406993531,25569151.24514254,14.112508721019166,57.542713290490454,7.959516894902863,21.72257606688702,29.64500000012906
1620.504468269926,25569147.458333433,14.176944853537204,59.65164739391027,8.048119798173587,22.66871690607816,30.420000000129065
1620.1158597478616,25569143.599933937,14.239860924161494,61.771603696330125,8.135588930877935,23.6429326085786,31.205000000129058
1619.7273149261762,25569139.67740002,14.30129114095961,63.894918479193514,8.221923246766789,24.644480550555713,32.00000000012905
1619.3388335671978,25569135.698948152,14.361268919263658,66.01339472928878,8.307122494207956,25.67241953766903,32.80500000012904
1618.9504154083725,25569131.673492715,14.419826897872024,68.11837902975422,8.391187175378011,26.72560247340995,33.62000000012905
1618.5620601695623,25569127.610562727,14.476996954699244,70.20085650878067,8.474118506992736,27.80267177447389,34.44500000012905
1618.1737675617574,25569123.52019939,14.532810221866843,72.2515620910269,8.555918382525885,28.902057817281914,35.28000000012904
1617.785537297143,25569119.412835613,14.58729710022869,74.26110642493286,8.636589335871214,30.021980706480598,36.12500000012904
1617.3973691004053,25569115.299159825,14.64048727331957,76.22011370604963,8.716134506375635,31.160455769384342,36.98000000012903
1617.0092627209958,25569111.189968888,14.692409720711,78.11936623404605,8.794557605185323,32.31530290238572,37.84500000012904
1616.6212179461743,25569107.096013285,14.743092730763488,79.94995265431575,8.871862882879299,33.48415962680759,38.72000000012903
1616.2332346145658,25569103.027839355,14.79256391275613,81.70341485512348,8.948055098321595,34.66449793489283,39.60500000012903
1615.8453126298846,25569098.995634615,14.84085020837075,83.3718876038046,9.023139488680458,35.85364464010949,40.50000000012903
1615.457451974518,25569095.00908175,14.887977902503254,84.94822577836246,9.097121740565116,37.0488047261142,41.40500000012902
1615.0696527228513,25569091.07722361,14.933972633383723,86.42611708808118,9.170007962250919,38.247087369983646,42.320000000129035
1614.681915053978,25569087.208345782,14.978859401967437,87.80017423071891,9.241804656926169,39.44553401492859,43.24500000012903
1614.2942392636285,25569083.409880396,15.022662580555272,89.06600363176362,9.312518696911491,40.641147647082825,44.18000000012903
1613.9066257753404,25569079.68833151,15.065405920611044,90.22025090862331,9.382157298821046,41.830922754658786,45.12500000012902
1613.519075150778,25569076.049224626,15.107112559731766,91.2606211779281,9.450727999615424,43.01187529146831,46.08000000012903
1613.1315880992277,25569072.497081123,15.147805027713725,92.18587428067956,9.518238633493569,44.181071784762054,47.04500000012903
1612.7441654864908,25569069.03541571,15.187505251646575,92.9957975707405,9.584697309573748,45.33565687536559,48.020000000129016
1612.3568083433154,25569065.66675543,15.22623455999721,93.6911580505936,9.650112390340327,46.472879100297455,49.005000000129016
1611.969517873592,25569062.39267854,15.264013685596149,94.27363630046794,9.714492470792289,47.590114104487924,50.00000000012901
1611.582295462678,25569059.213869363,15.30086276744035,94.74574663966573,9.777846358246235,48.68488493798809,51.00500000012902
1611.1951426861629,25569056.130185936,15.336801351227475,95.11074687771587,9.840183052752609,49.754879326504394,52.020000000129016
1610.808061319314,25569053.140738208,15.371848388544281,95.37254014102614,9.901511728086296,50.79796374888983,53.045000000129015
1610.421053347652,25569050.243972477,15.406022234580405,95.53557343662071,9.961841713250422,51.8121941530963,54.08000000012902
1610.034120979052,25569047.437758468,15.439340644229064,95.60473646754694,10.021182474438582,52.795823461611896,55.12500000012901
1609.6472666574791,25569044.719478827,15.471820766504479,95.58526080954387,10.07954359743567,53.747306043517405,56.180000000129034
1609.260493079222,25569042.086113073,15.503479136996258,95.48262776411455,10.136934770334044,54.665299076809625,57.24500000012903
1608.873803211021,25569039.53432408,15.534331668427411,95.30247567338301,10.193365766633116,55.54866174236004,58.320000000129035
1608.4872003115038,25569037.060533628,15.564393638878274,95.05052128398317,10.248846428523791,56.39645153346665,59.405000000129036
1608.1006879554143,25569034.66099532,15.593679677664557,94.7324855599131,10.303386650407221,57.207918798614436,60.500000000129035
1607.714270061432,25569032.33185895,15.622203748537116,94.35403015214105,10.356996362518341,57.982499447930955,61.60500000012905
1607.3279509236768,25569030.06922769,15.649979130055794,93.92070271733076,10.409685514627956,58.71980623592876,62.720000000129055
1606.9417352473156,25569027.86920861,15.677018392784865,93.43789032042574,10.461464059729936,59.419619003867105,63.84500000012906
1606.5556281886227,25569025.727955196,15.703333373091546,92.91078208535822,10.512341937654487,60.08187394976861,64.98000000012905
1606.1696353998493,25569023.64170314,15.728935143207474,92.34433951726231,10.562329058523714,60.70665237807493,66.12500000012906
1605.7837630793651,25569021.60679987,15.753833977155741,91.74327383175854,10.611435285957151,61.29416909161238,67.28000000012908
1605.3980180274673,25569019.61972761,15.778039312241814,91.11203029082787,10.65967041995144,61.844760615326706,68.44500000012907
1605.012407708291,25569017.67712108,15.801559705707295,90.45477826502186,10.707044179341093,62.358873517661664,69.62000000012907
1604.6269403185988,25569015.77578068,15.824402785884542,89.77540606467812,10.75356618370102,62.83705279092165,70.80500000012907
1604.2416248636378,25569013.912681177,15.846575197702194,89.07752027746045,10.79924593464101,63.27993068564522,72.00000000012906
1603.8564712411871,25569012.084976647,15.868082541613946,88.36444891209776,10.844092796298794,63.68821580726243,73.20500000012909
1603.4714903338786,25569010.290002443,15.888929305846496,87.63924727328848,10.888115974997417,64.06268289086688,74.42000000012908
1603.0866941113982,25569008.52527446,15.909118790677802,86.90470645191853,10.931324497801269,64.40416289422623,75.64500000012907
1602.702095742337,25569006.78848641,15.928653024895857,86.16336340013298,10.973727189981151,64.71353393596523,76.88000000012907
1602.3177097177975,25569005.077505108,15.947532672784241,85.41751284764742,11.015332651046633,64.99171260989354,78.12500000012908
1601.9335519864892,25569003.390364733,15.965756931785013,84.6692197086322,11.056149229360136,65.23964614525279,79.38000000012909
1601.5496401035364,25569001.725259744,15.983323419128832,83.9203326267722,11.09618499496619,65.45830501527786,80.64500000012909
1601.165993393134,25569000.080537338,16.000228047278405,83.1724974780014,11.13544771058894,65.64867631439131,81.92000000012908
1600.782633126948,25568998.454689223,16.01646488672415,82.42717123497226,11.173944800475137,65.81175765978286,83.20500000012908
1600.399582719183,25568996.846343137,16.032026015418243,81.68563563419646,11.211683316896098,65.94855171946587,84.50000000012908
1600.0168679396409,25568995.254254315,16.04690135380275,80.94901055628202,11.248669904082625,66.06006129854845,85.8050000001291
1599.6345171466069,25568993.67729674,16.06107848411046,80.2182672217443,11.284910759214975,66.14728494678174,87.1200000001291
1599.2525615397028,25568992.114455063,16.074542453658424,79.49424031990432,11.320411590503385,66.21121313796003,88.44500000012908
1598.8710354360737,25568990.56481616,16.08727555991484,78.77764019695412,11.355177571587657,66.25282484903957,89.78000000012908
1598.4899765706964,25568989.027560826,16.099257116611113,78.06906460344607,11.389213292161152,66.2730845475499,91.12500000012908
1598.1094264209485,25568987.50195643,16.110463200719206,77.36900913523654,11.422522704799558,66.27293966817895,92.4800000001291
1597.729430557384,25568985.987349957,16.12086637946511,76.6778768209174,11.455109067246685,66.25331857224337,93.84500000012909
1597.3500390251202,25568984.48316046,16.13043541346653,75.99598834958164,11.486974879777662,66.21512855997909,95.22000000012908
1596.9713067506068,25568982.988873173,16.139134941022487,75.32359006934779,11.518121817778532,66.15925449383516,96.60500000012908
1596.5932939815405,25568981.5040332,16.146925137157215,74.6608623875637,11.54855065857431,66.08655752734015,98.00000000012906
1596.2160667561955,25568980.028239693,16.153761351174044,74.00792736090781,11.578261202532573,65.99787411901889,99.40500000012908
1595.8396974014145,25568978.561141007,16.159593723856208,73.36485507123942,11.607252188199158,65.89401537620405,100.82000000012908
1595.4642650664537,25568977.10242939,16.16436677835745,72.73167038041106,11.635521200530471,65.77576644805667,102.24500000012905
1595.089856277707,25568975.65183679,16.1680189990646,72.10835832142143,11.6630645729801,65.64388627730655,103.68000000012906
1594.7165655306485,25568974.20913056,16.170482383948713,71.49486944350433,11.689877281903948,65.49910741276119,105.12500000012903
1594.344495897125,25568972.774109703,16.171681991128814,70.89112448493108,11.715952834558863,65.34213596691977,106.58000000012906
1593.973759657856,25568971.34660144,16.171535471272822,70.29701863896013,11.741283149474024,65.17365171130224,108.04500000012905
1593.6044789519126,25568969.926457975,16.16995259396123,69.71242543136292,11.765858429489729,64.99430830507924,109.52000000012904
1593.236786420732,25568968.513553683,16.166834789079193,69.1372000872782,11.789667028966452,64.80473362649751,111.00500000012904
1592.87082587123,25568967.10778245,16.1620746818682,68.57118270968715,11.812695312444797,64.60553014422128,112.50000000012903
1592.506752898441,25568965.709055312,16.155555675711064,68.01420099694157,11.834927509979364,64.39727537201237,114.00500000012906
1592.1447355033229,25568964.317298315,16.14715155202043,67.46607272509772,11.856345564861776,64.18052239098249,115.52000000012903
1591.7849546426814,25568962.9324506,16.13672614331379,66.92660791652249,11.876928980175258,63.955800414148925,117.04500000012904
1591.4276047257347,25568961.55446265,16.12413306855742,66.3956107707772,11.89665466129672,63.72361538814533,118.58000000012903
1591.0728940585143,25568960.183294684,16.109215531277748,65.87288141900378,11.915496753141326,63.48445062978912,120.12500000012902
1590.7210450947848,25568958.818915322,16.091806301936938,65.3582173681891,11.933426489683535,63.23876747888677,121.68000000012903
1590.372294528023,25568957.461300377,16.07172785723876,64.85141473953945,11.950412049809662,62.98700596805594,123.24500000012902
1590.0268933561397,25568956.110431656,16.048792568271228,64.3522695087604,11.966418399518044,62.72958552700265,124.82000000012903
1589.6851065904714,25568954.766296,16.02280320970185,63.86057844560168,11.981407168957261,62.46690566346651,126.40500000012906
1589.347212692699,25568953.428884443,15.993553717963252,63.37613993151359,11.995336554366745,62.199346621477716,128.00000000012906
1589.013502848441,25568952.098191407,15.960830136807452,62.898754706576796,12.008161206632764,61.92727011817187,129.60500000012908
1588.6842798315906,25568950.77421401,15.924411913445454,62.42822646622179,12.01983217497671,61.65102001715389,131.22000000012906
1588.359856570394,25568949.456951514,15.884073445644692,61.964362355238016,12.030296895903982,61.370922985910276,132.8450000001291
1588.04055419081,25568948.146404758,15.839586154395725,61.50697339200156,12.039499190050524,61.08728919078676,134.4800000001291
1587.7266997366983,25568946.842575733,15.790720804229718,61.055874802722784,12.047379327014687,60.80041295206009,136.1250000001291
1587.4186238221148,25568945.545467153,15.73724982920206,60.610886313777044,12.053874142618708,60.51057336230606,137.78000000012912
1587.116657162994,25568944.255082157,15.67895072701878,60.171832335473404,12.058917218896076,60.21803494249569,139.44500000012908
1586.8211269850947,25568942.971423987,15.615609492866128,59.738542112917195,12.06243913563909,59.92304825910651,141.1200000001291
1586.5323539737353,25568941.694495745,15.54702345645051,59.31084987469474,12.064367767252676,59.62585048448157,142.8050000001291
1586.2506475549394,25568940.42430018,15.473005686719896,58.88859486149541,12.06462865978011,59.326666017546124,144.50000000012903
1585.9763018339981,25568939.16083952,15.393388644052399,58.47162137418494,12.063145515964905,59.02570703022907,146.20500000012902
1585.709591171492,25568937.904115316,15.308028114541475,58.05977877130535,12.059840727429401,58.723174019507105,147.92000000012897
1585.4507658537593,25568936.654128335,15.216806963720586,57.652921444326616,12.054635977935392,58.41925633834329,149.64500000012902
1585.2000478971727,25568935.410878457,15.119638670148422,57.250908770904324,12.047452921031852,58.11413270803119,151.3800000001291
1584.9576271347241,25568934.174364593,15.01647049863459,56.85360504750703,12.038213907003774,57.80797171665259,153.12500000012906
1584.7236577326807,25568932.944584638,14.907286176340582,56.46087940683907,12.026842758364564,57.50093229979129,154.88000000012912
1584.4982552652352,25568931.721535426,14.79210795732476,56.072605722086415,12.013265576402944,57.19316420501437,156.6450000001291
1584.2814944586703,25568930.5052127,14.67099797761196,55.68866250024991,11.997411562667823,56.88480844071522,158.42000000012916
1584.073407697784,25568929.295611106,14.544058825765676,55.308932766870136,11.979213838424064,56.57599770935922,160.20500000012922
1583.8739843566646,25568928.092724178,14.41143328559952,54.93330394407435,11.958610243757267,56.266856825381666,162.00000000012915
1583.683170987939,25568926.896544334,14.273303244504866,54.56166772429877,11.93554409017748,55.957503118117266,163.80500000012918
1583.5008723309968,25568925.707062904,14.129887782243635,54.193919937528584,11.909964890190006,55.64804681942775,165.62000000012912
1583.3269531314795,25568924.52427014,13.981440556295247,53.829960420783586,11.881828962645667,55.33859143744075,167.44500000012914
1583.1612407916214,25568923.34815523,13.828246375144895,53.469692882744745,11.851099996912748,55.02923411524804,169.28000000012915
1583.0035284019064,25568922.17870633,13.67061751098269,53.113024770394084,11.817749488548305,54.72006597575977,171.12500000012912
1582.8535786351092,25568921.015910584,13.50888921297564,52.7598671345137,11.781757091874328,54.41117245211661,172.98000000012914
1582.7111275447676,25568919.85975417,13.343415441888437,52.41013449805787,11.743110848319409,54.10263360454342,174.8450000001291
1582.575889161688,25568918.710222326,13.1745638899888,52.063744724456825,11.701807313841906,53.79452442294215,176.72000000012912
1582.4475595243034,25568917.567299373,13.002711693834135,51.72061889056838,11.657851572638155,53.48691511652301,178.60500000012914
1582.3258214258624,25568916.43096877,12.828240522797302,51.38068115978771,11.611257142017784,53.179871389202304,180.5000000001291
1582.2103482077262,25568915.301213134,12.651532724326438,51.043858660778284,11.562045797817799,52.873454702882036,182.40500000012912
1582.1008081609664,25568914.17801429,12.472966967749958,50.71008136693453,11.51024727890006,52.56772252646765,184.3200000001291
1581.9968677816605,25568913.061353292,12.292915091084938,50.37928198166736,11.4558989662166,52.26272857376465,186.2450000001291
1581.8981954556577,25568911.951210473,12.111738641562926,50.051395825138336,11.399045427647744,51.95852302713432,188.1800000001291
1581.8044640413468,25568910.84756547,11.929786520431891,49.726360726504,11.339737995547301,51.655152751313494,190.12500000012906
1581.715353635115,25568909.750397258,11.747392579568972,49.40411691836465,11.278034203483458,51.352661492962795,192.08000000012905
1581.6305534702678,25568908.6596842,11.564874037614722,49.08460693612681,11.213997304472985,51.051090071884914,194.04500000012908
1581.5497637284716,25568907.575404055,11.382530119465809,48.7677755202491,11.147695652833114,50.750476558002596,196.02000000012902
1581.472696814731,25568906.49753403,11.200641150323765,48.45356952270363,11.079202198560692,50.450856441579546,198.00500000012906
1581.3990783214285,25568905.426050797,11.019468081647807,48.14193781683538,11.008593866443665,50.15226278960224,200.000000000129
1581.3286477781219,25568904.36093054,10.839252135797018,47.832831210755884,10.935951055027292,49.85472639679505,202.00500000012903
1581.261158795601,25568903.30214896,10.660215206974586,47.52620236472309,10.861356995162323,49.55827592069718,204.02000000012904
1581.1963795426977,25568902.249681327,10.482559719040625,47.222005710932756,10.784897341457578,49.262938017902115,206.045000000129
1581.134092563424,25568901.203502495,10.306469272637353,46.920197377503335,10.706659646619444,48.96873746499244,208.080000000129
1581.0740945403786,25568900.163586922,10.132109351617327,46.6207351153681,10.626732836496585,48.67569727252951,210.12500000012895
1581.0161958593353,25568899.129908703,9.959628163627379,46.32357822854205,10.545206773899272,48.3838387918836,212.18000000012896
1580.9602203785278,25568898.102441594,9.78915720763077,46.02868750647923,10.4621719001462,48.09318181907586,214.24500000012898
1580.9060047070238,25568897.081159025,9.620812401248541,45.736025160505726,10.377718820598128,47.80374468638006,216.3200000001289
1580.8533977338045,25568896.066034142,9.454694896561751,45.44555476210615,10.291937956449148,47.51554435200397,218.40500000012895
1580.802259899055,25568895.057039797,9.290892136059087,45.15724118459892,10.204919231459813,47.22859648123832,220.50000000012886
1580.7524626439863,25568894.054148596,9.129478700690395,44.871050546561655,10.116751787430822,46.94291552551286,222.60500000012885
1580.7038876705108,25568893.0573329,8.970517339568042,44.58695015856801,10.027523726405848,46.65851479295858,224.7200000001289
1580.6564263436976,25568892.06656485,8.814059825511425,44.30490847161983,9.937321885763904,46.375406516780025,226.8450000001288
1580.6099790069534,25568891.081816398,8.660147882903132,44.02489502826453,9.846231635441153,46.09360191797398,228.98000000012883
1580.5644543782917,25568890.10305928,8.508814011664633,43.746880415587206,9.754336702117925,45.813111264931365,231.12500000012878
1580.5197689386216,25568889.130265087,8.360082302298323,43.47083622035182,9.661719017282802,45.5339439287415,233.2800000001288
1580.475846337704,25568888.16340524,8.213969211086372,43.19673498644992,9.56845859288023,45.256108434178884,235.44500000012883
1580.4326168483221,25568887.202451017,8.070484274617131,42.92455017379506,9.474633409635032,44.97961250866883,237.62000000012878
1580.3900168763082,25568886.247373566,7.9296307530047185,42.65425611882004,9.380319322241746,44.70446312884024,239.8050000001288
1580.347988427127,25568885.298143927,7.791406293348589,42.38582799778881,9.285589998467449,44.430666560990936,242.00000000012875
1580.3064786783966,25568884.354733028,7.655803489269597,42.11924179022153,9.190516846381785,44.1582284033569,244.2050000001288
1580.2654395305221,25568883.417111706,7.5228104280149095,41.85447424564735,9.0951689902636,43.88715362101175,246.4200000001288
1580.2248272222494,25568882.48525072,7.392411184912456,41.59150284996134,8.999613221922626,43.61744658360395,248.64500000012876
1580.18460195676,25568881.55912075,7.264586272074382,41.3303057951229,8.90391400052598,43.34911109597321,250.8800000001288
1580.144727556535,25568880.638692413,7.139313070878348,41.070861948511,8.808133429882187,43.0821504310499,253.12500000012875
1580.1051711551813,25568879.723936297,7.016566199240864,40.81315082500085,8.712331271894785,42.81656735751294,255.38000000012877
1580.0659028993352,25568878.81482292,6.896317874627185,40.557152559282876,8.616564948460933,42.552364168089184,257.6450000001288
1580.026895687119,25568877.91132278,6.77853822422215,40.3028478799972,8.520889562389051,42.289542704831696,259.92000000012877
1579.9881249210296,25568877.013406355,6.663195576638469,40.05021808477374,8.425357921014694,42.02810438333906,262.2050000001288
1579.949568280355,25568876.12104409,6.550256730032723,39.79924501622105,8.330020562039733,41.76805021594663,264.50000000012875
1579.9112055202415,25568875.234206434,6.439687182259737,39.549911039368794,8.234925791754092,41.50938083267448,266.80500000012876
1579.8730182711986,25568874.35286383,6.331451364586033,39.3021990194067,8.140119715297615,41.25209650241825,269.12000000012875
1579.8349898973188,25568873.476986717,6.225512792560324,39.05609230191108,8.045646295457605,40.996197149902194,271.44500000012874
1579.7971053276951,25568872.60654556,6.121834258143661,38.81157469248101,7.9515473904323075,40.74168237452854,273.7800000001287
1579.7593508764805,25568871.741510823,6.02037803986121,38.56863043634895,7.857862780773774,40.488551469912174,276.1250000001287
1579.7217141473047,25568870.881853007,5.921105996897946,38.327244201279186,7.7646302337009585,40.23680343791612,278.4800000001287
1579.684183902556,25568870.027542636,5.8239797127062145,38.08740105970571,7.671885547514961,39.986437004613464,280.8450000001287
1579.6467499854018,25568869.178550262,5.728960557423428,37.84908647348253,7.579662632243068,39.73745063129891,283.22000000012866
1579.6094031810949,25568868.33484649,5.6360098554665194,37.61228627610586,7.487993526551772,39.48984253222146,285.6050000001287
1579.5721351312172,25568867.496401943,5.545088968976792,37.37698665765222,7.396908455282805,39.24361068693316,288.00000000012864
1579.5349382915736,25568866.66318733,5.456159317889682,37.14317415165616,7.306435911192944,38.99875284909571,290.40500000012867
1579.4978058229779,25568865.83517338,5.369182504681453,36.91083561983834,7.216602683951206,38.75526656090657,292.8200000001287
1579.4607315252567,25568865.012330886,5.284120375286268,36.67995823878202,7.127433914668023,38.51314916389796,295.2450000001286
1579.4237097952164,25568864.194630712,5.200935045952497,36.450529487548195,7.038953160504899,38.272397808319155,297.6800000001286
1579.3867355589377,25568863.38204378,5.1195889700590795,36.22253713509376,6.951182439948724,38.03300946372241,300.1250000001285
1579.3498042190133,25568862.574541073,5.0400449840500485,35.99596922842846,6.864142283404918,37.79498092855239,302.58000000012856
1579.3129116192326,25568861.77209366,4.962266328756328,35.7708140819694,6.777851793639394,37.55830883775513,305.0450000001286
1579.2760539982312,25568860.974672675,4.886216688162844,35.54706026657528,6.692328693415683,37.322989671686905,307.52000000012856
1579.239227948374,25568860.182249326,4.811860221447731,35.32469659916967,6.6075893739657445,37.08901976432773,310.0050000001285
1579.2024303892294,25568859.39479491,4.739161576445698,35.10371213292494,6.52364894622456,36.856395310844455,312.50000000012847
1579.1656585348537,25568858.612280805,4.668085911423252,34.88409614784089,6.440521288855126,36.6251123748331,315.0050000001285
1579.128909861406,25568857.834678475,4.598598916804083,34.66583814172196,6.358219094726659,36.395166895214736,317.5200000001285
1579.0921820872054,25568857.06195947,4.530666821180006,34.44892782165969,6.276753919410779,36.16655469257268,320.0450000001284
1579.0554731502662,25568856.294095434,4.464256401135685,34.233355095784404,6.196136226753315,35.939271475368066,322.58000000012845
1579.0187811827789,25568855.5310581,4.39933499580201,34.01911006518531,6.116375430674298,35.713312846222344,325.1250000001284
1578.9821044966523,25568854.7728193,4.335870506976213,33.80618301653802,6.0374799402910835,35.488674307243905,327.6800000001284
1578.9454415679659,25568854.019350965,4.273831401213761,33.59456441494991,5.9594572025536,35.26535126528512,330.24500000012847
1578.908791015072,25568853.27062512,4.213186720834265,33.38424489675723,5.882313740324551,35.043339037543866,332.8200000001284
1578.8721515853304,25568852.52661389,4.153906083859292,33.175215262951944,5.806055192442502,34.82263285637306,335.40500000012844
1578.8355221529107,25568851.78728952,4.0959596697686385,32.96746647309643,5.730686356124362,34.603227873516154,338.0000000001284
1578.798901700041,25568851.05262433,4.0393182275118225,32.76098963904981,5.656211221689714,34.38511916490369,340.6050000001284
1578.7622893038297,25568850.32259077,3.9839530765359865,32.55577601906298,5.582633007842963,34.168301735060254,343.22000000012844
1578.725684129396,25568849.597161382,3.929836099965092,32.3518170122837,5.509954197651547,33.95277052106426,345.84500000012844
1578.6890854269925,25568848.876308836,3.8769397331676356,32.14910415366139,5.438176574085983,33.738520396109,348.4800000001285
1578.6524925169208,25568848.160005894,3.825236968105814,31.947629108534237,5.367301250855015,33.52554617366802,351.1250000001284
1578.615904783431,25568847.44822543,3.774701346652947,31.747383667780923,5.2973287044315285,33.31384261100273,353.78000000012844
1578.5793216718826,25568846.74094044,3.7253069498553923,31.54835974328569,5.2282588059164565,33.10340441237658,356.4450000001285
1578.5427426837127,25568846.038124032,3.677028390408592,31.35054936348742,5.16009085099599,32.89422623227967,359.1200000001284
1578.506167366879,25568845.33974942,3.6298408114436507,31.153944668910313,5.092823587279446,32.68630267879802,361.8050000001285
1578.4695953125163,25568844.645789944,3.5837198774131784,30.958537908113556,5.026455242475842,32.47962831652747,364.50000000012847
1578.4330261540747,25568843.95621905,3.5386417621845183,30.764321433944136,4.9609835521341195,32.27419766918492,367.2050000001285
1578.3964595607113,25568843.27101031,3.4945831447502256,30.5712876996318,4.896405784704769,32.070005222540075,369.92000000012854
1578.3598952332063,25568842.590137407,3.4515212019957673,30.37942925515833,4.832718766315997,31.86704542707425,372.6450000001285
1578.3233329017473,25568841.91357415,3.4094335993916345,30.1887387438664,4.769918904892042,31.665312700433184,375.3800000001285
1578.2867723251677,25568841.241294466,3.3682984801523843,29.999208899286135,4.708002213326632,31.46480142972122,378.12500000012847
1578.2502132854406,25568840.57327239,3.3280944605642766,29.81083254180701,4.6469643314928595,31.265505973978687,380.88000000012846
1578.2136555858724,25568839.90948209,3.2888006209676783,29.623602575686036,4.586800547596163,31.067420666375764,383.64500000012856
1578.177099050272,25568839.249897856,3.250396495661473,29.43751198625994,4.5275058191331095,30.87053981620442,386.4200000001285
1578.1405435209301,25568838.594494093,3.2128620646207127,29.252553837173398,4.469074792683226,30.674857710919284,389.20500000012856
1578.1039888556743,25568837.943245325,3.176177746668571,29.068721267639248,4.411501822633023,30.48036861820512,392.00000000012847
1578.067434926717,25568837.296126213,3.140324390548629,28.88600748994106,4.354780989614395,30.287066787802672,394.8050000001285
1578.0308816204613,25568836.65311152,3.1052832651059425,28.704405787120606,4.2989061179460695,30.094946453209044,397.6200000001285
1577.994328835105,25568836.014176153,3.0710360523625053,28.523909510564156,4.243870792598863,29.90400183348601,400.44500000012846
1577.957776479383,25568835.37929513,3.0375648394301566,28.3445120777772,4.189668375380978,29.714227134922712,403.2800000001285
1577.9212244720813,25568834.74844359,3.0048521096718037,28.1662069703222,4.136292020454735,29.52561655256754,406.12500000012847
1577.8846727418088,25568834.121596806,2.9728807337463476,27.98898773186629,4.0837346892350075,29.338164271677275,408.9800000001285
1577.848121224405,25568833.498730164,2.9416339638285804,27.812847966060016,4.031989164693862,29.15186446935778,411.84500000012855
1577.811569862488,25568832.87981919,2.9110954253409504,27.63778133471394,3.9810480650680335,28.966711315936518,414.7200000001285
1577.7750186044238,25568832.26483951,2.88124910960815,27.46378155598595,3.9309038570076016,28.7826989763476,417.6050000001285
1577.7384674055427,25568831.6537669,2.852079363891232,27.290842402914876,3.881548868014686,28.599821611203332,420.5000000001285
1577.7019162287302,25568831.04657725,2.8235708823938315,27.11895770194266,3.8329752984065517,28.41807337789637,423.40500000012855
1577.6653650399803,25568830.443246562,2.7957087037489705,26.94812133087957,3.7851752331487836,28.237448432258866,426.3200000001286
1577.6288138093707,25568829.84375098,2.7684782019003062,26.77832721759766,3.7381406528094963,28.05794092953534,429.2450000001285
1577.592262510419,25568829.248066768,2.741865079183584,26.609569338582133,3.6918634441736278,27.87954502550929,432.1800000001286
1577.5557111212786,25568828.65617031,2.7158553574405744,26.44184171781236,3.646335409680376,27.702254877366556,435.1250000001285
1577.5191596242387,25568828.06803812,2.690435371269251,26.275138425444077,3.6015482770949543,27.526064644729935,438.08000000012856
1577.4826080035589,25568827.48364683,2.6655917633759967,26.109453576294598,3.557493709420588,27.350968490863416,441.0450000001286
1577.4460562459358,25568826.9029732,2.6413114770277963,25.94478132876768,3.514163313373931,27.176960583520735,444.02000000012856
1577.409504340105,25568826.32599412,2.6175817496655767,25.781115883696714,3.471548647813537,27.004035095867525,447.00500000012863
1577.3729522779252,25568825.75268659,2.5943901049048,25.618451483518843,3.4296412309629924,26.83218620714418,450.0000000001286
1577.3364000535034,25568825.183027744,2.5717243470180104,25.45678241111324,3.3884325483785926,26.661408103600948,453.0050000001286
1577.2998476621908,25568824.616994843,2.549572555717655,25.296102988654884,3.3479140606479016,26.491694979424793,456.0200000001287
1577.263295100815,25568824.054565262,2.527923079606418,25.136407576745786,3.3080772100646683,26.323041037448288,459.0450000001286
1577.2267423674666,25568823.4957165,2.50676453030025,24.977690573500848,3.268913427229456,26.155440489897185,462.0800000001286
1577.190189462207,25568822.940426193,2.486085775654267,24.819946413953367,3.230414136524863,25.988887558866026,465.1250000001286
1577.153636386281,25568822.38867208,2.465875934794221,24.663169569035716,3.19257076263368,25.823376477166317,468.1800000001286
1577.1170831417562,25568821.840432037,2.4461243728002042,24.50735454472428,3.155374736400223,25.658901489036342,471.24500000012864
1577.0805297315821,25568821.295684054,2.426820695042331,24.35249588134635,3.118817500050097,25.495456850713786,474.3200000001286
1577.0439761594855,25568820.754406255,2.4079547418383793,24.19858815286372,3.08289051225437,25.33303683103726,477.4050000001286
1577.0074224304522,25568820.21657687,2.389516582718816,24.04562596633736,3.0475852518052617,25.171635711963624,480.5000000001286
1576.970868550092,25568819.68217426,2.371496511784884,23.89360396113047,3.0128932232130956,25.01124778918347,483.6050000001286
1576.9343145245375,25568819.15117691,2.353885042717839,23.742516808275134,2.9788059610410933,24.851867372660678,486.72000000012866
1576.89776036045,25568818.623563424,2.3366729038073695,23.59235920989109,2.945315033808916,24.693488787142247,489.8450000001286
1576.861206064977,25568818.099312514,2.3198510331270907,23.443125898629955,2.912412047780991,24.53610637263725,492.98000000012865
1576.824651646046,25568817.578403033,2.3034105734812362,23.294811637325523,2.8800886499146467,24.37971448472369,496.1250000001286
1576.7880971119143,25568817.06081394,2.287342868201382,23.147411218260867,2.848336532023688,24.22430749517847,499.2800000001286
1576.7515424711698,25568816.54652432,2.271639456593991,23.000919462702157,2.8171474339029214,24.069879792383528,502.4450000001287
1576.7149877327158,25568816.035513375,2.256292069503732,22.85533122044379,2.786513146307777,23.916425781722516,505.6200000001286
1576.6784329057634,25568815.527760424,2.2412926249894993,22.710641369380248,2.7564255136604587,23.76393988596172,508.8050000001286
1576.6418779999972,25568815.02324491,2.2266332239997246,22.56684481520255,2.726876435953691,23.612416545549596,512.0000000001285
1576.6053230252771,25568814.52194639,2.2123061464005245,22.423936490828524,2.6978578722054745,23.4618502190772,515.2050000001285
1576.5687679916698,25568814.02384454,2.198303846912135,22.281911356051054,2.66936184255325,23.312235383599234,518.4200000001287
1576.5322129094282,25568813.528919153,2.184618951162783,22.140764397171743,2.641380430388354,23.1635665349599,521.6450000001287
1576.4956577890266,25568813.03715014,2.1712442518122637,22.000490626683373,2.613905784074502,23.015838188093053,524.8800000001285
1576.4591026412725,25568812.548517525,2.1581727047306836,21.86108508301575,2.58693011815308,22.86904487728863,528.1250000001285
1576.4225474770094,25568812.063001458,2.1453974254211015,21.72254283003808,2.560445716414178,22.723181156556315,531.3800000001286
1576.3859923071848,25568811.58058219,2.132911685381608,21.58485895680226,2.5344449330767382,22.578241599880442,534.6450000001286
1576.3494371428242,25568811.1012401,2.1207089085827513,21.44802857724098,2.5089201942970942,22.43422080148834,537.9200000001287
1576.3128819949968,25568810.624955673,2.108782668027391,21.312046829869182,2.4838639996274474,22.291113376111536,541.2050000001285
1576.2763268747967,25568810.15170952,2.0971266823830117,21.1769088775143,2.459268923263968,22.148913959224878,544.5000000001285
1576.2397717938236,25568809.681482352,2.085734812580781,21.04260990752679,2.435127612369115,22.007617206978296,547.8050000001285
1576.2032167637083,25568809.214255005,2.0746010586940176,20.90914513110075,2.4114327907164945,21.867217796687203,551.1200000001286
1576.1666617960113,25568808.75000842,2.063719556806643,20.776509782955987,2.388177260128866,21.72771042709067,554.4450000001286
1576.1301069023411,25568808.288723655,2.05308457590313,20.64469912123522,2.3653539005902915,21.5890898184696,557.7800000001284
1576.0935520943353,25568807.83038188,2.0426905148548196,20.513708427281816,2.3429556710491912,21.4513507128366,561.1250000001285
1576.0569973836411,25568807.37496438,2.0325318994717954,20.383533005423338,2.3209756101598944,21.314487874118413,564.4800000001286
1576.0204427820145,25568806.922452543,2.022603379692719,20.254168182921916,2.2994068358745023,21.17849608823515,567.8450000001286
1575.9838883014422,25568806.47282787,2.0128997268515225,20.125609309961014,2.2782425447679113,21.04337016315394,571.2200000001286
1575.9473339538035,25568806.026071977,2.003415830726638,19.997851759029174,2.2574760154211626,20.909104929296586,574.6050000001285
1575.9107797509964,25568805.58216659,1.9941466969333597,19.87089092492739,2.2371006075688347,20.775695239572926,578.0000000001285
1575.8742257049325,25568805.14109354,1.9850874442950857,19.744722224608157,2.2171097623680582,20.643135969510443,581.4050000001286
1575.8376718275279,25568804.70283477,1.9762333022680652,19.61934109701182,2.197497002668223,20.51142201738133,584.8200000001286
1575.8011181307015,25568804.267372325,1.9675796084399277,19.494743002928573,2.178255933071672,20.380548304312462,588.2450000001286
1575.7645646265337,25568803.83468837,1.9591218063044968,19.37092342512486,2.159380237950357,20.250509774256123,591.6800000001284
1575.7280113270826,25568803.404765166,1.9508554426105074,19.247877867911413,2.1408636837410673,20.12130139424214,595.1250000001285
1575.6914582443876,25568802.97758509,1.9427761650207958,19.125601857018435,2.1227001188696306,19.992918154469287,598.5800000001285
1575.6549053904953,25568802.55313061,1.9348797198620682,19.004090939521017,2.1048834732769115,19.865355068367148,602.0450000001285
1575.618352777455,25568802.131384328,1.9271619498770878,18.8833406837128,2.087407758332059,19.7386071726808,605.5200000001287
1575.581800417313,25568801.712328922,1.9196187920242178,18.763346678981776,2.0702670667184533,19.612669527550853,609.0050000001285
1575.5452483221502,25568801.29594719,1.9122462754855893,18.644104535854986,2.053455571289154,19.487537216473104,612.5000000001285
1575.5086965040982,25568800.88222203,1.905040519638947,18.52560988596152,2.0369675244030434,19.36320534631178,616.0050000001286
1575.4721449752544,25568800.47113645,1.8979977317101515,18.40785838162395,2.020797259488363,19.239669047567087,619.5200000001286
1575.4355937477176,25568800.062673558,1.8911142049103375,18.290845695905446,2.0049391898523545,19.116923474323627,623.0450000001287
1575.3990428335865,25568799.65681656,1.8843863164773786,18.174567522517233,1.989387808324091,18.99496380429242,626.5800000001284
1575.3624922449555,25568799.25354877,1.8778105257572464,18.05901957572672,1.9741376868862606,18.87378523884913,630.1250000001285
1575.3259419939188,25568798.852853604,1.8713833723626971,17.944197590280805,1.95918347612794,18.753383003065156,633.6800000001285
1575.289392092608,25568798.454714574,1.8651014746245254,17.83009732142141,1.9445199035773537,18.633752345715283,637.2450000001286
1575.2528425531411,25568798.0591153,1.8589615274600901,17.71671454467988,1.930141774728805,18.51488853932835,640.8200000001286
1575.2162933876273,25568797.6660395,1.8529603006832092,17.604045055817238,1.916043972295974,18.396786880203642,644.4050000001284
1575.1797446081744,25568797.275470994,1.8470946373389663,17.492084670761024,1.9022214555049848,18.279442688424623,648.0000000001285
1575.143196226885,25568796.88739369,1.8413614520324704,17.38082922552802,1.888669259559905,18.162851307872618,651.6050000001285
1575.1066482558567,25568796.501791615,1.835757729292418,17.270274576147315,1.8753824951000355,18.047008106237364,655.2200000001285
1575.0701007071953,25568796.118648876,1.8302805221477434,17.160416598697065,1.862356346835748,17.931908474954326,658.8450000001286
1575.033553593012,25568795.737949684,1.8249269505519137,17.051251189224214,1.8495860730218654,17.817547829212,662.4800000001284
1574.997006925405,25568795.35967835,1.8196941996549219,16.942774263547605,1.8370670057656568,17.70392160802885,666.1250000001285
1574.9604607164683,25568794.98381928,1.8145795184260431,16.834981757263172,1.8247945498794398,17.59102527420238,669.7800000001284
1574.9239149782916,25568794.610356983,1.8095802181975935,16.727869625679762,1.8127641822291636,17.478854314298584,673.4450000001285
1574.8873697229583,25568794.239276048,1.8046936712390544,16.621433843755224,1.8009714510791208,17.367404238638763,677.1200000001286
1574.850824962548,25568793.87056117,1.7999173094065772,16.51567040605881,1.7894119752695918,17.256670581263766,680.8050000001283
1574.8142807091454,25568793.504197147,1.7952486230018594,16.410575326836657,1.778081442744959,17.146648899816718,684.5000000001284
1574.7777369748267,25568793.140168853,1.790685159139654,16.306144639781106,1.7669756109453636,17.037334775650308,688.2050000001284
1574.7411937716608,25568792.77846127,1.7862245205280276,16.202374398019817,1.756090305815741,16.92872381376312,691.9200000001284
1574.7046511117123,25568792.419059467,1.7818643642244125,16.099260674075868,1.7454214209986778,16.820811642755874,695.6450000001286
1574.6681090070392,25568792.0619486,1.7776024003940245,15.996799559814393,1.7349649171141193,16.713593914795503,699.3800000001283
1574.6315674696934,25568791.70711394,1.7734363910950859,15.894987166389402,1.7247168210369377,16.60706630557694,703.1250000001285
1574.5950265117258,25568791.35454082,1.7693641492614793,15.7938196242013,1.7146732246113177,16.501224514314256,706.8800000001285
1574.5584861451825,25568791.004214685,1.7653835374657383,15.693293082839215,1.7048302841688487,16.396064263684735,710.6450000001286
1574.5219463821022,25568790.656121068,1.7614924666736786,15.593403711021118,1.6951842201558258,16.291581299765042,714.4200000001285
1574.4854072345174,25568790.31024558,1.7576888952155885,15.49414769654542,1.685731316130605,16.187771392001192,718.2050000001284
1574.448868714455,25568789.96657394,1.753970827704989,15.395521246237408,1.6764679180120547,16.0846303331631,722.0000000001285
1574.412330833936,25568789.625091936,1.7503363139798735,15.29752058589506,1.667390433332068,15.982153939297877,725.8050000001285
1574.375793604975,25568789.28578547,1.7467834481146831,15.200141960266984,1.6584953303409555,15.880338049651103,729.6200000001285
1574.3392570395836,25568788.94864051,1.7433103675579107,15.103381633099787,1.6497791367940122,15.779178526521353,733.4450000001285
1574.3027211497667,25568788.61364312,1.7399152519098307,15.007235886929074,1.641238439926503,15.678671255352393,737.2800000001286
1574.2661859475227,25568788.280779455,1.7365963220357425,14.911701023081681,1.6328698854552959,15.578812144626157,741.1250000001284
1574.229651444843,25568787.95003575,1.7333518391360956,14.81677336163506,1.624670176782362,15.479597125793772,744.9800000001285
1574.1931176537141,25568787.621398337,1.7301801038245668,14.722449241368658,1.616636074240263,15.381022153212374,748.8450000001285
1574.156584586115,25568787.29485362,1.7270794551836142,14.628725019710842,1.6087643943892609,15.283083204086049,752.7200000001286
1574.120052254021,25568786.9703881,1.7240482702408124,14.535597072738902,1.6010520086376547,15.185776278361812,756.6050000001287
1574.0835206693998,25568786.64798835,1.7210849626180311,14.44306179507094,1.5934958432249613,15.089097398719659,760.5000000001285
1574.0469898442138,25568786.327641044,1.7181879819724943,14.351115599843244,1.586092878204742,14.993042610461805,764.4050000001284
1574.0104597904187,25568786.00933293,1.715355813104769,14.259754918657961,1.578840146716941,14.897607981454547,768.3200000001285
1573.9739305199635,25568785.69305084,1.7125869751604743,14.168976201534814,1.5717347342410222,14.802789602055244,772.2450000001286
1573.9374020447913,25568785.37878169,1.7098800208466791,14.078775916862186,1.5647737778590343,14.708583585038406,776.1800000001286
1573.900874376839,25568785.06651248,1.7072335357221917,13.989150551346267,1.5579544653803987,14.61498606553216,780.1250000001284
1573.864347528038,25568784.75623029,1.7046461375467319,13.900096609958558,1.55127403436598,14.52199320096221,784.0800000001285
1573.8278215103128,25568784.447922286,1.7021164753334914,13.811610615889634,1.5447297719413817,14.429601170935554,788.0450000001285
1573.7912963355818,25568784.14157571,1.6996432287135756,13.72368911049568,1.5383190138761818,14.33780617717989,792.0200000001286
1573.754772015756,25568783.837177884,1.6972251072394633,13.636328653246053,1.5320391438625276,14.246604443467756,796.0050000001286
1573.7182485627413,25568783.53471621,1.694860849697716,13.549525821670343,1.52588759281727,14.155992215538662,800.0000000001284
1573.6817259884358,25568783.234178185,1.6925492234409996,13.463277211306652,1.519861838180869,14.065965761018777,804.0050000001285
1573.645204304733,25568782.935551357,1.6902890239374464,13.377579435742996,1.5139594026419594,13.976521369260093,808.0200000001286
1573.6086835235199,25568782.63882338,1.688079073979765,13.292429126493214,1.5081778538957,13.887655351318928,812.0450000001287
1573.5721636566764,25568782.343981966,1.6859182229878173,13.207822932908535,1.502514804185049,13.799364039902777,816.0800000001287
1573.5356447160764,25568782.051014915,1.6838053464808922,13.123757522160128,1.4969679094050763,13.71164378925536,820.1250000001285
1573.4991267135865,25568781.75991011,1.6817393454925242,13.040229579187288,1.491534868425474,13.624490975069502,824.1800000001285
1573.4626096610675,25568781.470655497,1.679719146001193,12.957235806645349,1.4862134224197383,13.537901994398956,828.2450000001286
1573.4260935703737,25568781.18323911,1.6777436983314227,12.87477292485423,1.481001354143785,13.451873265580899,832.3200000001286
1573.3895784533534,25568780.89764905,1.6758119764576782,12.792837671749263,1.4758964870789428,13.366401228186668,836.4050000001287
1573.3530643218483,25568780.6138735,1.673922977731173,12.71142680282243,1.4708966850937741,13.281482342865838,840.5000000001285
1573.3165511876934,25568780.33190072,1.6720757222880185,12.63053709107084,1.4659998516916177,13.197113091275943,844.6050000001286
1573.2800390627174,25568780.051719036,1.6702692525356493,12.550165326943516,1.4612039293433055,13.113289975994984,848.7200000001286
1573.2435279587423,25568779.773316853,1.6685026326694476,12.470308318287467,1.456506898844566,13.03000952042907,852.8450000001287
1573.2070178875838,25568779.496682655,1.6667749482038956,12.390962890293446,1.4519067786796547,12.947268268719244,856.9800000001287
1573.1705088610513,25568779.221804988,1.6650853050494818,12.31212588542686,1.4474016245627044,12.86506278571045,861.1250000001285
1573.1340008909472,25568778.948672485,1.663432829233821,12.233794163377787,1.4429895287549444,12.78338965683504,865.2800000001286
1573.0974939890677,25568778.677273836,1.6618166668807526,12.155964601018237,1.4386686192990943,12.702245487962774,869.4450000001286
1573.0609881672028,25568778.407597817,1.6602359835184897,12.07863409233782,1.434437059510745,12.621626905342026,873.6200000001287
1573.0244834371354,25568778.139633268,1.6586899636586483,12.00179954838701,1.4302930473821875,12.541530555505739,877.8050000001288
1572.9879798106422,25568777.8733691,1.6571778103887043,11.925457897220044,1.426234814992875,12.461953105176677,882.0000000001285
1572.9514772994935,25568777.608794298,1.6556987448896514,11.849606083840841,1.4222606279461152,12.38289124117729,886.2050000001285
1572.9149759154523,25568777.345897917,1.6542520054786227,11.77424107016759,1.4183687849209325,12.304341670368329,890.4200000001287
1572.878475670276,25568777.08466908,1.652836847991592,11.69935983494533,1.4145576169357794,12.22630111950684,894.6450000001287
1572.8419765757149,25568776.825096976,1.651452545249249,11.62495937369434,1.410825486825577,12.148766335159516,898.8800000001287
1572.805478643513,25568776.567170877,1.6500983866068297,11.551036698655428,1.4071707887097185,12.0717340836111,903.1250000001285
1572.7689818854071,25568776.310880106,1.6487736775974535,11.477588838731673,1.4035919474489047,11.995201150767244,907.3800000001286
1572.7324863131287,25568776.056214064,1.6474777395870426,11.404612839429944,1.4000874181090255,11.91916434205685,911.6450000001286
1572.695991938401,25568775.80316222,1.6462099091318267,11.332105762788927,1.3966556854837227,11.843620482385857,915.9200000001287
1572.6594987729422,25568775.55171411,1.6449695375597269,11.26006468731591,1.3932952635885119,11.768566416054682,920.2050000001287
1572.623006828463,25568775.301859334,1.643755991194142,11.188486707949979,1.3900046950565077,11.693999006568754,924.5000000001285
1572.5865161166678,25568775.05358756,1.6425686507614026,11.11736893598979,1.3867825506795677,11.619915136587998,928.8050000001285
1572.5500266492538,25568774.80688852,1.6414069110762808,11.046708499032396,1.3836274289119384,11.546311707830863,933.1200000001286
1572.5135384379123,25568774.56175202,1.640270180739428,10.97650254091171,1.380537955380883,11.47318564097767,937.4450000001286
1572.4770514943275,25568774.31816792,1.639157881809538,10.906748221637667,1.3775127824054783,11.4005338755768,941.7800000001288
1572.4405658301773,25568774.076126155,1.6380694490664112,10.837442717347303,1.3745505885329057,11.328353369987855,946.1250000001285
1572.4040814571329,25568773.835616715,1.637004330227401,10.768583220227752,1.3716500780591296,11.256641101240573,950.4800000001286
1572.3675983868582,25568773.596629664,1.635961985647287,10.700166938454364,1.3688099805696834,11.185394064940324,954.8450000001286
1572.3311166310111,25568773.359155122,1.634941887949894,10.632191096130697,1.3660290504896673,11.114609275180195,959.2200000001287
1572.2946362012428,25568773.12318328,1.6339435217628255,10.564652933225423,1.3633060666387946,11.044283764444513,963.6050000001288
1572.2581571091976,25568772.888704382,1.6329663834607437,10.497549705508902,1.3606398317937862,10.974414583512186,968.0000000001285
1572.2216793665127,25568772.655708745,1.632009980757982,10.430878684499648,1.3580291722223927,10.90499880137091,972.4050000001286
1572.1852029848192,25568772.424186744,1.6310738322660525,10.3646371574133,1.355472937214973,10.836033505134287,976.8200000001286
1572.1487279757414,25568772.194128808,1.6301574677273192,10.29882242706828,1.352969998773176,10.767515799912264,981.2450000001287
1572.1122543508964,25568771.96552544,1.6292604275784743,10.233431811834791,1.350519251153714,10.699442808728625,985.6800000001288
1572.0757821218951,25568771.738367196,1.6283822627088143,10.16846264557151,1.3481196104612605,10.631811672425364,990.1250000001285
1572.0393113003413,25568771.5126447,1.627522534234954,10.103912277561422,1.3457700142504652,10.564619549566281,994.5800000001285
1572.0028418978325,25568771.28834863,1.6266808132654798,10.039778072447282,1.3434694211300287,10.4978636163434,999.0450000001285
1571.9663739259584,25568771.065469723,1.6258566803863594,9.97605741016456,1.3412168102912596,10.431541066530288,1003.5200000001286
1571.9299073963032,25568770.843998782,1.6250497257553373,9.91274768587885,1.3390111812171017,10.365649111336522,1008.0050000001287
1571.8934423204432,25568770.623926666,1.6242595489116531,9.849846309920757,1.3368515533140775,10.300184979309982,1012.5000000001284
1571.8569787099489,25568770.405244287,1.6234857585000741,9.787350707719746,1.3347369655244967,10.235145916254329,1017.0050000001285
1571.820516576383,25568770.187942628,1.6227279720739576,9.725258319738366,1.332666475966402,10.170529185134624,1021.5200000001286
1571.784055931302,25568769.97201272,1.6219858159046516,9.66356660140616,1.3306391615803022,10.106332065983002,1026.0450000001285
1571.7475967862551,25568769.757445656,1.621258924671519,9.602273023065328,1.3286541177282576,10.042551855809702,1030.5800000001286
1571.7111391527858,25568769.544232577,1.6205469411560287,9.541375069916349,1.3267104577987727,9.979185868514268,1035.1250000001285
1571.674683042429,25568769.3323647,1.61984951639768,9.48087024191984,1.3248073130156932,9.916231434777615,1039.6800000001285
1571.638228466714,25568769.121833283,1.6191663093717223,9.420756053744457,1.3229438320440943,9.853685901974602,1044.2450000001286
1571.6017754371628,25568768.91262965,1.618496986811737,9.361030034701242,1.3211191806629325,9.791546634080799,1048.8200000001286
1571.5653239652904,25568768.704745166,1.617841223042569,9.301689728677372,1.3193325414462227,9.729811011579166,1053.4050000001287
1571.5288740626054,25568768.498171274,1.6171986998027656,9.24273269407078,1.3175831134412848,9.668476431368267,1058.0000000001285
1571.4924257406085,25568768.29289945,1.6165691058574112,9.184156503739015,1.3158701117275293,9.607540306689685,1062.6050000001285
1571.4559790107946,25568768.088921238,1.615952137086057,9.125958744916456,1.3141927672565163,9.547000067013812,1067.2200000001285
1571.419533884651,25568767.886228237,1.6153474963275392,9.068137019147976,1.3125503265529395,9.486853157947788,1071.8450000001285
1571.383090373658,25568767.68481209,1.6147548931785183,9.010688942225931,1.3109420513917374,9.4270970411482,1076.4800000001287
1571.3466484892895,25568767.48466451,1.6141740438472851,8.953612144123616,1.3093672185107643,9.367729194229431,1081.1250000001285
1571.3102082430116,25568767.28577725,1.613604671012267,8.896904268928576,1.3078251193294237,9.308747110672162,1085.7800000001284
1571.2737696462843,25568767.088142116,1.6130465035859571,8.840562974779626,1.3063150596056896,9.250148299744888,1090.4450000001284
1571.23733271056,25568766.891750973,1.6124992765049124,8.78458593380287,1.3048363591136345,9.191930286422798,1095.1200000001286
1571.200897447284,25568766.696595743,1.6119627308321078,8.728970832035895,1.303388351536344,9.134090611267201,1099.8050000001285
1571.1644638678952,25568766.50266839,1.6114366135195353,8.673715369364972,1.3019703841303252,9.076626830349502,1104.5000000001282
1571.128031983825,25568766.309960928,1.610920677277758,8.618817259458192,1.3005818174654815,9.019536515162171,1109.2050000001284
1571.0916018064977,25568766.11846544,1.6104146804520125,8.564274229698468,1.2992220251723103,8.962817252529664,1113.9200000001285
1571.0551733473308,25568765.92817404,1.6099183868880527,8.510084021118278,1.2978903936831214,8.906466644519735,1118.6450000001282
1571.0187466177345,25568765.73907891,1.6094315656424347,8.456244388355548,1.2965863218504727,8.850482308356778,1123.3800000001283
1570.982321629112,25568765.551172264,1.6089539910595614,8.402753099561217,1.2953092208626913,8.794861876331403,1128.1250000001282
1570.9458983928594,25568765.364446383,1.6084854426463984,8.349607936334115,1.2940585139990175,8.73960299571253,1132.8800000001281
1570.909476920366,25568765.178893592,1.6080257049256461,8.296806693659184,1.2928336363696977,8.684703328660069,1137.6450000001282
1570.8730572230133,25568764.994506262,1.607574567327255,8.24434717984098,1.2916340346891648,8.63016055213743,1142.4200000001283
1570.8366393121762,25568764.811276816,1.6071318240834305,8.192227216437189,1.2904591670542878,8.5759723578243,1147.2050000001284
1570.8002231992223,25568764.62919773,1.6066972740478715,8.140444638197136,1.289308502654094,8.522136452037923,1152.0000000001282
1570.7638088955118,25568764.448261525,1.6062707205524571,8.088997292998112,1.288181521516094,8.468650555651054,1156.8050000001283
1570.7273964123983,25568764.26846077,1.6058519714746757,8.037883041768492,1.2870777144501453,8.415512403988789,1161.6200000001284
1570.6909857612275,25568764.089788076,1.6054408390623067,7.987099758426471,1.2859965827687145,8.362719746751095,1166.4450000001284
1570.6545769533382,25568763.912236117,1.6050371398372947,7.936645329813984,1.284937638082518,8.310270347927794,1171.2800000001284
1570.618170000062,25568763.735797603,1.6046406945038247,7.886517655630527,1.2839004021018876,8.258161985713713,1176.125000000128
1570.5817649127239,25568763.560465295,1.604251327835222,7.836714648369123,1.2828844064175657,8.206392452425822,1180.980000000128
1570.54536170264,25568763.386231996,1.6038688683638949,7.787234233269965,1.2818891920777633,8.154959554434608,1185.8450000001283
1570.5089603811207,25568763.213090565,1.6034931486226025,7.738074348225618,1.2809143097411726,8.10386111205762,1190.7200000001283
1570.4725609594684,25568763.041033898,1.6031240050077495,7.6892329437198725,1.2799593194376342,8.05309495947982,1195.6050000001283
1570.4361634489785,25568762.870054938,1.602761277650025,7.640707982766226,1.2790237903379413,8.002658944673932,1200.500000000128
1570.399767860939,25568762.700146683,1.6024048103371218,7.592497440842012,1.278107300579403,7.952550929317687,1205.4050000001282
1570.3633742066302,25568762.531302165,1.6020544504393148,7.544599305822585,1.2772094370958742,7.902768788711408,1210.3200000001282
1570.3269824973256,25568762.36351447,1.6017100488378988,7.497011577915476,1.2763297954522541,7.853310411695894,1215.2450000001284
1570.2905927442912,25568762.19677672,1.6013714598564859,7.449732269594592,1.2754679796834532,7.804173700570627,1220.1800000001283
1570.2542049587855,25568762.031082094,1.601038541195159,7.402759405534417,1.2746236021378272,7.755356571012315,1225.125000000128
1570.2178191520595,25568761.8664238,1.6007111537607606,7.3560910225552485,1.273796283210978,7.70685695199889,1230.080000000128
1570.1814353353573,25568761.7027951,1.6003891608324718,7.309725169637386,1.2729856503703318,7.6586727857662,1235.045000000128
1570.1450535199153,25568761.540189296,1.6000724291971842,7.26365990773224,1.2721913392870212,7.610802027669731,1240.020000000128
1570.1086737169621,25568761.378599737,1.5997608288263074,7.217893309724355,1.2714129934098388,7.563242646117435,1245.0050000001281
1570.0722959377194,25568761.21801981,1.5994542326625625,7.172423460382377,1.2706502636581842,7.515992622497695,1250.0000000001278
1570.0359201934014,25568761.05844295,1.5991525165592329,7.1272484562945895,1.269902808279416,7.4690499511003425,1255.005000000128
1569.9995464952142,25568760.89986263,1.5988555592217437,7.082366405804546,1.2691702927101045,7.422412639038062,1260.020000000128
1569.9631748543575,25568760.74227237,1.5985632421515767,7.037775428946732,1.2684523894411923,7.376078706168101,1265.045000000128
1569.9268052820223,25568760.58566573,1.5982754495925124,6.993473657382327,1.2677487778870544,7.330046185014342,1270.0800000001282
1569.890437789393,25568760.430036306,1.5979920684792046,6.949459234335026,1.267059144258466,7.284313120689727,1275.1250000001278
1569.8540723876458,25568760.275377743,1.5977129882726429,6.9057303145387445,1.266383181297385,7.238877570823931,1280.1800000001278
1569.81770908795,25568760.121683728,1.5974381002522358,6.862285064241312,1.2657205873440018,7.193737605514718,1285.245000000128
1569.781347901467,25568759.968947988,1.5971672985572793,6.819121661029275,1.2650710675579062,7.14889130720502,1290.320000000128
1569.74498883935,25568759.81716428,1.5969004798532678,6.776238293793861,1.2644343334477897,7.104336770619188,1295.4050000001282
1569.708631912746,25568759.66632642,1.596637543168773,6.733633162679788,1.2638101026121158,7.060072102692399,1300.5000000001278
1569.672277132793,25568759.516428247,1.596378389847313,6.69130447902259,1.2631980986223472,7.0160954224955985,1305.6050000001278
1569.6359245106223,25568759.36746365,1.5961229235010845,6.649250465286086,1.2625980509095023,6.9724048611608245,1310.720000000128
1569.599574057357,25568759.219426554,1.5958710499665583,6.607469354999939,1.2620096946540391,6.928998561806874,1315.845000000128
1569.5632257841125,25568759.072310925,1.5956226772619386,6.565959392697349,1.2614327706790707,6.8858746794653465,1320.980000000128
1569.5268797019974,25568758.926110767,1.5953777155464897,6.5247188338528606,1.260867025346907,6.843031381007055,1326.1250000001278
1569.490535822111,25568758.780820128,1.5951360769709333,6.483745944831763,1.2603122103010802,6.8004668450723145,1331.280000000128
1569.4541941555467,25568758.636433084,1.594897675138041,6.443039002880231,1.2597680816536514,6.758179262014082,1336.445000000128
1569.4178547133888,25568758.492943756,1.5946624259506303,6.402596295971933,1.2592344011499277,6.716166833797353,1341.6200000001281
1569.3815175067145,25568758.35034631,1.594430247307703,6.362416122774368,1.2587109356927193,6.674427773935644,1346.805000000128
1569.345182546593,25568758.20863493,1.5942010589891316,6.32249679259596,1.2581974571359036,6.632960307421898,1352.0000000001278
1569.308849844086,25568758.067803863,1.5939747826176074,6.282836625325453,1.2576937421887469,6.591762670657352,1357.205000000128
1569.2725194102466,25568757.92784737,1.5937513416220805,6.243433951371481,1.2571995723230207,6.550833111380798,1362.420000000128
1569.2361912561212,25568757.78875977,1.5935306612026896,6.204287111602266,1.2567147336829179,6.510169888598199,1367.6450000001282
1569.1998653927474,25568757.650535405,1.593312668297183,6.165394457285496,1.256239016997763,6.469771272512702,1372.8800000001281
1569.1635418311557,25568757.513168655,1.593097291548831,6.126754350028346,1.255772217497524,6.429635544455014,1378.1250000001278
1569.1272205823684,25568757.37665394,1.5928844611625066,6.088365161729133,1.2553141346788466,6.389760996814705,1383.380000000128
1569.0909016573996,25568757.240985718,1.5926741084693756,6.0502252745588265,1.2548645716803568,6.350145932973339,1388.645000000128
1569.054585067256,25568757.10615848,1.5924661666680067,6.012333080823646,1.2544233362394748,6.310788667232232,1393.920000000128
1569.018270822936,25568756.97216675,1.592260570536459,5.974686982932234,1.2539902402673582,6.27168752474562,1399.2050000001282
1568.9819589354304,25568756.839005094,1.5920572563466782,5.937285393342644,1.2535650996964705,6.232840841453229,1404.5000000001278
1568.9456494157218,25568756.706668105,1.5918561618339437,5.9001267345040445,1.253147734402919,6.194246964012943,1409.8050000001278
1568.9093422747849,25568756.575150423,1.5916572261674857,5.863209438798638,1.2527379681311541,6.15590424973388,1415.120000000128
1568.8730375235864,25568756.444446713,1.5914603899222695,5.826531948483741,1.2523356284210356,6.117811066509823,1420.4450000001282
1568.8367351730847,25568756.314551678,1.5912655950519488,5.790092715634064,1.25194054653726,6.079965792753034,1425.7800000001282
1568.8004352342307,25568756.185460057,1.5910727848629889,5.753890202084191,1.2515525574011543,6.042366817328463,1431.1250000001278
1568.764137717967,25568756.057166617,1.590881903896365,5.717922879380391,1.2511714993589835,6.0050125394873035,1436.480000000128
1568.727842635228,25568755.929666165,1.5906928976409496,5.682189228749265,1.2507972136522796,5.967901368799154,1441.845000000128
1568.69154999694,25568755.80295354,1.5905057130525686,5.646687740987712,1.2504295453161924,5.931031725093131,1447.2200000001283
1568.6552598140215,25568755.67702362,1.5903202983314988,5.611416916425888,1.250068342764014,5.894402038391427,1452.6050000001283
1568.6189720973828,25568755.5518713,1.5901366028667914,5.5763752648741125,1.2497134576676374,5.858010748845027,1458.000000000128
1568.5826868579256,25568755.42749153,1.5899545772121646,5.541561305566973,1.2493647448942433,5.8218563066701075,1463.405000000128
1568.5464041065443,25568755.303879276,1.589774173062833,5.506973567107677,1.2490220624449486,5.785937172084848,1468.8200000001282
1568.510123854124,25568755.181029543,1.589595343233282,5.47261058741257,1.2486852713954142,5.750251815246584,1474.2450000001281
1568.4738461115428,25568755.05893737,1.5894180416359809,5.438470913655897,1.2483542358384159,5.714798716189348,1479.6800000001283
1568.4375708896694,25568754.937597826,1.589242223261036,5.404553102214768,1.2480288228283734,5.679576364761802,1485.125000000128
1568.4012981993653,25568754.81700601,1.5890678440649435,5.37085571862159,1.2477089021667154,5.644583260563328,1490.580000000128
1568.3650280514833,25568754.69715706,1.588894860752705,5.337377337525267,1.2473943460004802,5.60981791287797,1496.045000000128
1568.3287604568675,25568754.578046136,1.588723231213494,5.30411654260089,1.2470850295677784,5.575278840624264,1501.5200000001282
1568.2924954263544,25568754.45966844,1.5885529143222927,5.2710719265099435,1.2467808308312591,5.540964572290337,1507.0050000001281
1568.2562329707723,25568754.342019193,1.58838386989967,5.238242090848274,1.2464816303893205,5.506873645873119,1512.500000000128
1568.2199731009403,25568754.22509366,1.5882160586926266,5.205625646092667,1.2461873114245885,5.473004608818419,1518.005000000128
1568.1837158276696,25568754.108887125,1.5880494423561893,5.173221211547666,1.2458977596540206,5.439356017961372,1523.520000000128
1568.1474611617632,25568753.99339491,1.5878839834357514,5.1410274152926,1.24561286328063,5.405926439467246,1529.045000000128
1568.1112091140158,25568753.87861237,1.5877196453501625,5.109042894128851,1.2453325129468313,5.372714448772636,1534.5800000001282
1568.0749596952132,25568753.76453488,1.5875563923755656,5.077266293527343,1.24505660168941,5.339718630527026,1540.125000000128
1568.0387129161331,25568753.65115785,1.5873941895334278,5.045696267584401,1.2447850247296084,5.306937578525389,1545.680000000128
1568.0024687875448,25568753.538476724,1.587233002425698,5.014331478982388,1.244517679172367,5.274369895636019,1551.2450000001281
1567.9662273202089,25568753.426486976,1.587072797630459,4.983170598903284,1.2442544646724505,5.242014193782714,1556.8200000001282
1567.9299885248777,25568753.3151841,1.586913542509978,4.952212306992175,1.2439952830876064,5.209869093870571,1562.4050000001282
1567.8937524122948,25568753.204563633,1.586755205181128,4.921455291307331,1.2437400384120627,5.177933225727757,1568.000000000128
1567.8575189931958,25568753.094621122,1.5865977545006764,4.890898248269298,1.243488636735993,5.146205228048991,1573.605000000128
1567.8212882783068,25568752.98535216,1.5864411600512018,4.860539882610257,1.2432409862063967,5.114683748339422,1579.220000000128
1567.7850602783462,25568752.87675236,1.5862853921276356,4.830378907323587,1.2429969969893933,5.083367442858831,1584.8450000001283
1567.7488350040237,25568752.768817376,1.5861304217244336,4.800414043613691,1.2427565812339298,5.052254976566217,1590.4800000001283
1567.71261246604,25568752.66154287,1.5859762205233738,4.770644020846044,1.2425196530369043,5.0213450230647325,1596.125000000128
1567.6763926750873,25568752.554924544,1.58582276088198,4.741067576497475,1.2422861284097004,4.990636264546975,1601.780000000128
1567.6401756418493,25568752.448958132,1.5856700156924146,4.711683456113791,1.2420559249866767,4.960127391730113,1607.445000000128
1567.603961377001,25568752.34363939,1.585517958193925,4.682490413270174,1.2418289616412337,4.929817103787532,1613.1200000001281
1567.567749891209,25568752.238964096,1.5853665624791033,4.653487209494104,1.2416051594850954,4.899704108337026,1618.805000000128
1567.5315411951303,25568752.13492807,1.585215803253628,4.624672614229178,1.2413844413796418,4.869787121368802,1624.5000000001278
1567.4953352994141,25568752.031527143,1.585065655808113,4.596045404787649,1.2411667318702215,4.840064867190974,1630.205000000128
1567.4591322147005,25568751.928757187,1.5849160960064148,4.567604366302356,1.2409519571534358,4.810536078376725,1635.9200000001279
1567.4229319516207,25568751.826614093,1.584767100274414,4.539348291678885,1.2407400450455297,4.781199495711783,1641.645000000128
1567.3867345207975,25568751.725093782,1.5846186455892677,4.51127598154798,1.2405309249518903,4.75205386814227,1647.3800000001281
1567.3505399328446,25568751.624192197,1.5844707094691386,4.4833862442182015,1.2403245278376522,4.723097952722892,1653.1250000001278
1567.3143481983668,25568751.52390531,1.5843232699633936,4.45567789562882,1.240120786199409,4.694330514565461,1658.880000000128
1567.2781593279603,25568751.424229126,1.584176305643278,4.428149759302975,1.2399196340380327,4.665750326787797,1664.645000000128
1567.2419733322122,25568751.325159665,1.584029795506881,4.40080066630041,1.2397210066543585,4.637356170451949,1670.4200000001279
1567.205790221701,25568751.226692982,1.5838837188690398,4.373629455170347,1.2395248404138524,4.609146834500797,1676.205000000128
1567.1696100069958,25568751.128825147,1.5837380556724043,4.346634971907768,1.239331073382445,4.5811211157486875,1682.0000000001278
1567.1334326986573,25568751.031552266,1.5835927863333663,4.319816069906434,1.2391396450005052,4.553277818812983,1687.8050000001278
1567.097258307237,25568750.934870467,1.583447891724012,4.2931716099131805,1.2389504960382636,4.525615756063283,1693.620000000128
1567.0610868432777,25568750.8387759,1.5833033531631948,4.266700459982511,1.2387635685702274,4.498133747572075,1699.445000000128
1567.0249183173128,25568750.743264742,1.5831591524079838,4.2404014954314455,1.2385788059505,4.470830621065727,1705.280000000128
1566.9887527398666,25568750.6483332,1.5830152716454897,4.214273598794607,1.2383961527890093,4.443705211875826,1711.1250000001278
1566.9525901214552,25568750.5539775,1.5828716934850657,4.188315659779546,1.2382155549286418,4.4167563628908235,1716.9800000001278
1566.9164304725844,25568750.46019389,1.5827284009508864,4.162526575222331,1.238036959423283,4.389982924508057,1722.8450000001278
1566.880273803752,25568750.366978653,1.5825853774749017,4.136905249043358,1.2378603145167664,4.363383754586068,1728.720000000128
1566.8441201254464,25568750.274328087,1.5824426068095625,4.111450592205991,1.237685569453006,4.336957718377129,1734.605000000128
1566.8079694481467,25568750.182238508,1.5823000729401158,4.086161522675463,1.2375126742853406,4.310703688459879,1740.5000000001276
1566.7718217823226,25568750.090706278,1.5821577603569519,4.061036965366559,1.2373415804441026,4.284620544762252,1746.4050000001278
1566.7356771384354,25568749.99972776,1.5820156539188739,4.036075852104606,1.237172240442965,4.258707174482354,1752.3200000001277
1566.6995355269366,25568749.90929935,1.5818737388391597,4.011277121582792,1.237004607843944,4.232962472040274,1758.245000000128
1566.663396958269,25568749.819417473,1.5817320006786038,3.9866397193195175,1.2368386372372193,4.207385339031891,1764.1800000001278
1566.6272614428656,25568749.73007857,1.5815904253388509,3.962162597616008,1.2366742842216776,4.1819746841829915,1770.1250000001276
1566.5911289911505,25568749.641279105,1.5814489990560194,3.9378447155141525,1.2365115053861842,4.156729423303696,1776.0800000001277
1566.5549996135387,25568749.553015564,1.5813077083946165,3.9136850387546165,1.2363502582915793,4.131648479243217,1782.0450000001279
1566.5188733204352,25568749.465284467,1.5811665402417412,3.889682539735178,1.236190501453399,4.1067307818449095,1788.0200000001278
1566.4827501222367,25568749.378082342,1.5810254818015803,3.8658361974693225,1.2360321943253239,4.081975267901648,1794.005000000128
1566.4466300293298,25568749.291405745,1.5808845205231177,3.8421449975389894,1.2358752971336304,4.057380881099475,1800.0000000001276
1566.410513052092,25568749.20525126,1.5807436440381963,3.8186079320484683,1.2357197707348244,4.032946571963361,1806.0050000001277
1566.3743992008915,25568749.11961549,1.5806028403725962,3.7952239996033503,1.2355655770827683,4.00867129785225,1812.0200000001278
1566.338288486087,25568749.034495052,1.5804620978374182,3.771992205260624,1.2354126789822797,3.984554022896969,1818.0450000001279
1566.302180918028,25568748.949886598,1.5803214050188752,3.7489115604879486,1.2352610400624653,3.960593717956061,1824.080000000128
1566.266076507054,25568748.865786795,1.5801807507728094,3.725981083123571,1.2351106247606842,3.93678936057274,1830.1250000001276
1566.2299752634958,25568748.782192327,1.580040124219433,3.703199797336483,1.2349613983070882,3.9131399349321327,1836.1800000001276
1566.1938771976743,25568748.699099913,1.5798995147382924,3.680566733586832,1.234813326709732,3.889644431818838,1842.2450000001277
1566.1577823199007,25568748.61650628,1.5797589119634514,3.6580809285865534,1.2346663767402604,3.866301848574776,1848.3200000001277
1566.1216906404773,25568748.534408182,1.5796183057789006,3.6357414252602607,1.2345205159201664,3.843111189057344,1854.405000000128
1566.0856021696961,25568748.452802394,1.5794776863141862,3.6135472727063678,1.2343757125076262,3.8200714635978716,1860.5000000001276
1566.0495169178403,25568748.371685714,1.5793370438937138,3.5914975261487574,1.2342319353701225,3.797181688945319,1866.6050000001273
1566.0134348951829,25568748.291054957,1.579196369000266,3.5695912468916218,1.2340891538921488,3.7744408882148104,1872.7200000001276
1565.9773561119875,25568748.21090696,1.5790556524105583,3.547827502310291,1.23394733830715,3.751848090892039,1878.8450000001276
1565.9412805785082,25568748.131238583,1.5789148851227446,3.5262053657989583,1.233806459516474,3.7294023327706074,1884.9800000001278
1565.9052083049892,25568748.052046705,1.5787740583495695,3.504723916732262,1.2336664890702251,3.70710265591083,1891.1250000001273
1565.8691393016654,25568747.97332822,1.5786331635141955,3.4833822404276127,1.2335273991547377,3.6849481085996274,1897.2800000001275
1565.8330735787617,25568747.895080056,1.5784921922462076,3.4621794281077696,1.2333891625805093,3.662937745310721,1903.4450000001275
1565.7970111464933,25568747.817299142,1.5783511363777951,3.4411145768636278,1.2332517527706,3.6410706266650967,1909.6200000001277
1565.7609520150656,25568747.73998244,1.5782099879401097,3.4201867896172513,1.2331151437494907,3.6193458193917705,1915.8050000001276
1565.7248961946746,25568747.663126934,1.5780687391598018,3.399395175085132,1.2329793101324094,3.5977623962888323,1922.0000000001273
1565.688843695506,25568747.58672962,1.577927382455735,3.378738847741677,1.2328442271151137,3.576319436184775,1928.2050000001275
1565.652794527736,25568747.510787517,1.5777859103903888,3.358216927781746,1.2327098703592334,3.555016023873543,1934.4200000001274
1565.6167487015312,25568747.435297657,1.577644315641573,3.337828541083934,1.2325762159245035,3.533851250061613,1940.6450000001275
1565.5807062270476,25568747.3602571,1.5775025911260512,3.317572819178077,1.2324432405514125,3.512824211404051,1946.8800000001277
1565.5446671144323,25568747.285662927,1.577360729932744,3.297448899207986,1.2323109215047265,3.491934010429462,1953.1250000001273
1565.5086313738218,25568747.211512223,1.577218725317397,3.2774559238960124,1.2321792365588247,3.471179755501041,1959.3800000001274
1565.4725990153427,25568747.137802113,1.5770765706992977,3.2575930415079113,1.2320481639878171,3.4505605607790195,1965.6450000001275
1565.4365700491123,25568747.06452972,1.5769342596581286,3.2378594058179195,1.2319176825560294,3.4300755461833554,1971.9200000001276
1565.400544485237,25568746.991692204,1.5767917859309564,3.2182541760740704,1.2317877715088537,3.4097238373567005,1978.2050000001277
1565.3645223338142,25568746.91928673,1.576649143409355,3.1987765169637417,1.231658410563964,3.389504565627623,1984.5000000001273
1565.3285036049306,25568746.84731049,1.5765063261366656,3.1794255985794235,1.2315295799029005,3.369416867974091,1990.8050000001274
1565.292488308663,25568746.775760688,1.5763633283053908,3.1602005963847333,1.2314012601630164,3.34945988698723,1997.1200000001274
1565.2564764550782,25568746.704634547,1.5762201442146007,3.1411006911607924,1.2312734323284755,3.3296327708230717,2003.445000000127
1565.2204680542332,25568746.633929316,1.576076768253619,3.1221250689657665,1.2311460776876355,3.3099346731625547,2009.780000000127
1565.1844631161744,25568746.563642252,1.5759331950037043,3.1032729211529873,1.2310191780884008,3.2903647532078075,2016.1250000001266
1565.1484616509385,25568746.493770633,1.5757894191806487,3.08454344431048,1.2308927157919036,3.270922175630032,2022.480000000127
1565.112463668552,25568746.42431176,1.5756454356309435,3.065935840227188,1.2307666734614684,3.2516061105339924,2028.845000000127
1565.0764691790312,25568746.355262943,1.5755012393293772,3.047449315860057,1.2306410341552214,3.23241573342315,2035.220000000127
1565.0404781923817,25568746.28662152,1.5753568253767476,3.0290830833013422,1.2305157813190097,3.2133502251650574,2041.6050000001271
1565.0044907185998,25568746.21838483,1.575212188997689,3.010836359746138,1.230390898779633,3.1944087719570136,2048.000000000127
1564.9685067676712,25568746.150550246,1.5750673255386112,2.9927083674601183,1.2302663707383874,3.1755905652919623,2054.405000000127
1564.932526349571,25568746.083115153,1.5749222304657542,2.974698333747517,1.2301421817649196,3.156894801924671,2060.820000000127
1564.8965494742642,25568746.016076952,1.5747768993633555,2.9568054909193004,1.2300183167913943,3.1383206838381326,2067.2450000001263
1564.860576151706,25568745.949433055,1.5746313279319317,2.93902907626158,1.2298947611069722,3.1198674182102475,2073.680000000127
1564.824606391841,25568745.8831809,1.5744855119755323,2.921368331998923,1.2297715003236316,3.1015342173752636,2080.125000000127
1564.7886402046026,25568745.81731794,1.5743394472903443,2.90382250521067,1.2296485200855323,3.083320298736698,2086.5800000001273
1564.7526775999154,25568745.751841642,1.5741931298313394,2.886390847880301,1.229525806501271,3.065224884817735,2093.045000000127
1564.7167185876924,25568745.686749484,1.5740465556816297,2.8690726168506684,1.2294033460632177,3.047247203214404,2099.520000000127
1564.680763177837,25568745.622038975,1.5738997210233208,2.8518670737801317,1.2292811255707632,3.0293864865497246,2106.0050000001274
1564.6448113802412,25568745.55770763,1.5737526221356124,2.834773485111879,1.229159132124418,3.0116419724414962,2112.500000000127
1564.6088632047877,25568745.49375298,1.573605255392979,2.8177911220434235,1.2290373531201402,2.9940129034703067,2119.0050000001274
1564.5729186613478,25568745.43017257,1.573457617263435,2.80091926049635,1.228915776243895,2.976498527147816,2125.520000000127
1564.5369777597825,25568745.366963975,1.5733097043068816,2.784157181086222,1.228794389466444,2.959098095885244,2132.0450000001265
1564.501040509943,25568745.30412477,1.5731615131735375,2.76750416909272,1.228673181038367,2.9418108669621272,2138.5800000001273
1564.465106921669,25568745.241652556,1.573013040602451,2.7509595144299905,1.2285521394853138,2.9246361024953083,2145.125000000127
1564.42917700479,25568745.17954494,1.5728642834200957,2.7345225116171665,1.228431253603484,2.90757306940815,2151.6800000001276
1564.3932507691252,25568745.117799554,1.5727152385390486,2.718192459749136,1.228310512455343,2.8906210394000214,2158.245000000127
1564.3573282244824,25568745.056414038,1.5725659029142092,2.7019686624590085,1.2281899052570564,2.873779288858525,2164.8200000001266
1564.32140938066,25568744.995386057,1.5724162735469456,2.6858504278903355,1.2280694213881922,2.8570470988366194,2171.405000000127
1564.2854942474446,25568744.93471328,1.572266347562135,2.6698370686840267,1.2279490505873583,2.8404237551283242,2178.000000000127
1564.2495828346127,25568744.874393396,1.5721161221605033,2.6539279019406137,1.2278287828298056,2.8239085481760986,2184.6050000001273
1564.2136751519301,25568744.814424116,1.5719655946168691,2.6381222491918694,1.227708608322134,2.8075007730403843,2191.220000000127
1564.1777712091514,25568744.75480315,1.5718147622787793,2.6224194363726614,1.2275885174980117,2.791199729369774,2197.8450000001267
1564.141871016021,25568744.69552824,1.5716636225652065,2.6068187937930323,1.2274685010140796,2.7750047213714155,2204.4800000001273
1564.1059745822724,25568744.636597127,1.5715121729653132,2.5913196561104743,1.2273485497460368,2.75891505778163,2211.125000000127
1564.0700819176282,25568744.578007583,1.5713604110372759,2.5759213623023896,1.2272286547849072,2.742930051836727,2217.7800000001275
1564.0341930318002,25568744.519757383,1.5712083344071766,2.5606232556387805,1.2271088074334902,2.7270490212440612,2224.445000000127
1563.9983079344893,25568744.461844318,1.5710559407679545,2.5454246836551118,1.2269889992029925,2.7112712881532777,2231.1200000001268
1563.9624266353858,25568744.404266197,1.5709032278784238,2.5303249981253915,1.2268692218098416,2.6955961791277883,2237.805000000127
1563.9265491441686,25568744.347020842,1.5707501935540977,2.5153235550262756,1.2267494671497816,2.68002302511185,2244.500000000127
1563.8906754705065,25568744.290106084,1.5705968356129683,2.5004197144512155,1.2266297271470576,2.664551161372608,2251.2050000001277
1563.8548056240566,25568744.23351978,1.5704431519655513,2.4856128406851283,1.2265099940036948,2.6491799275230288,2257.920000000127
1563.8189396144655,25568744.17725979,1.5702891405907928,2.4709023021522882,1.2263902601322414,2.6339086674811507,2264.645000000127
1563.7830774513686,25568744.12132399,1.5701347995242259,2.4562874713779927,1.2262705181224929,2.618736729436385,2271.3800000001274
1563.7472191443906,25568744.065710276,1.569980126856928,2.4417677249623586,1.2261507607381714,2.603663465822038,2278.125000000127
1563.7113647031447,25568744.01041655,1.5698251207345255,2.4273424435542834,1.226030980913747,2.5886882332880155,2284.8800000001274
1563.6755141372337,25568743.95544073,1.569669779356247,2.413011011825623,1.2259111717513942,2.5738103926737685,2291.6450000001273
1563.6396674562486,25568743.90078075,1.5695141009740246,2.39877281844552,1.2257913265180886,2.5590293089814096,2298.420000000127
1563.60382466977,25568743.846434556,1.5693580838916406,2.3846272560549333,1.225671438642841,2.544344351349058,2305.2050000001273
1563.5679857873668,25568743.792400107,1.569201726463926,2.370573721241359,1.2255515017140692,2.529754893024392,2312.000000000127
1563.532150818597,25568743.73867538,1.569045027096003,2.3566116145137075,1.2254315094771102,2.5152603113383827,2318.8050000001276
1563.496319773008,25568743.68525835,1.5688879842425785,2.3427403402773965,1.2253114558318667,2.500859987679272,2325.620000000127
1563.460492660135,25568743.632147025,1.568730596372483,2.328959306768346,1.2251913347377317,2.486553307442361,2332.4450000001266
1563.424669489503,25568743.579339415,1.5685728619857426,2.3152679260493905,1.2250711402587013,2.4723396600167664,2339.280000000127
1563.388850270625,25568743.52683355,1.5684147796550507,2.301665614035744,1.2249508666736155,2.458218438789415,2346.125000000127
1563.353035013003,25568743.474627458,1.5682563479960718,2.2881517904362108,1.2248305083964928,2.444189041099396,2352.9800000001273
1563.3172237261278,25568743.422719195,1.5680975656666105,2.2747258787287614,1.2247100599739018,2.430250868212704,2359.845000000127
1563.281416419479,25568743.371106826,1.5679384313658147,2.2613873061362577,1.2245895160824398,2.4164033252971606,2366.7200000001267
1563.2456131025249,25568743.319788422,1.5677789438334164,2.2481355036023585,1.224468871526315,2.402645821397546,2373.6050000001273
1563.2098137847222,25568743.268762078,1.567619101849005,2.2349699057675982,1.224348121235033,2.3889777694109307,2380.500000000127
